id,comercio,banco,metodo_pago,beneficio,descripcion,tope,dias,vigencia,url,fuente,score,destacada
d7c3259dd7ed,Supermercados,Todos Los Bancos,No Especificado,75%,Bancos: Todos Comercios: Todos Solo con promos Solo hoy ZOOM 75%,,,Consultar vigencia,https://promos.clash.com.ar/supermercados/,clash,88.0,True
def38f7e8893,Carrefour,Todos Los Bancos,No Especificado,35%,35% de descuento,,,Ver condiciones,https://www.carrefour.com.ar/descuentos-bancarios,carrefour_oficial,76.0,True
2a7684209ba0,Carrefour,Todos Los Bancos,No Especificado,30%,30% de descuento,,,Ver condiciones,https://www.carrefour.com.ar/descuentos-bancarios,carrefour_oficial,76.0,True
43db405e9ae3,Supermercados,Todos Los Bancos,MODO,30%,30% Sin tope Pagando con Modo L M X J V S D,,,Consultar vigencia,https://promos.clash.com.ar/supermercados/,clash,76.0,True
1924b0c0c50c,Jumbo,Banco Nación,"Visa, Mastercard, Naranja, MODO, Mercado Pago, Crédito",20%,Por día Por banco Cenco Pay Planes de Financiación Lunes Martes Miércoles Jueves Viernes Sábado 20% Dto. 3 Cuotas Sin Interés Exclusivo Online PROMOCIÓN VÁLIDA CON LA TARJETA DE CRÉDITO FÍSICA CENCOPAY SOLO LOS DÍAS MIÉRCOLES DESDE EL 01012026 AL 30092026 EN LOS SITIOS WEB OBTENIENDO,,"Lunes, Martes, Miércoles, Jueves, Viernes, Sábado, Domingo",Ver condiciones,https://www.jumbo.com.ar/descuentos-del-dia,jumbo_oficial,75.0,True
c16493ba347d,Jumbo,Todos Los Bancos,No Especificado,70%,Black Cenco - Almacén y Bebidas Hasta 2do al 70% en GalletitasHasta 40% en CervezasHasta 2do al 80% en Desayuno,$2,,Ver condiciones,https://www.jumbo.com.ar/descuentos-del-dia,jumbo_oficial,70.5,True
a71b06eb9675,Jumbo,Todos Los Bancos,No Especificado,80%,Hasta 2do al 80% en Desayuno,$2,,Ver condiciones,https://www.jumbo.com.ar/descuentos-del-dia,jumbo_oficial,70.5,True
15837a1de6a4,Jumbo,Todos Los Bancos,No Especificado,50%,"Black Cenco - HogarLIQUIDACIÓN HOGARHasta 50% en Ollas, Cacerolas y MásHasta 50% en Deco y Organización",$50,,Ver condiciones,https://www.jumbo.com.ar/descuentos-del-dia,jumbo_oficial,70.5,True
ffb179ed9618,Jumbo,Todos Los Bancos,No Especificado,60%,Hasta 60% en Muebles y Camping,$60,,Ver condiciones,https://www.jumbo.com.ar/descuentos-del-dia,jumbo_oficial,70.5,True
ca8efdc12ddd,Supermercados,Todos Los Bancos,No Especificado,35%,31 BANCOS  20 COMERCIOS  218 PROMOCIONES  35% DTO MÁXIMO  22% DTO PROMEDIO  $33.549 TOPE PROM. MENSUAL  7 CUOTAS PROMEDIO,$33.549,,Consultar vigencia,https://promos.clash.com.ar/supermercados/,clash,68.5,False
21c86652eba7,Supermercados,Todos Los Bancos,No Especificado,30%,30% Tope: $12.000 por semana Plan Épico L M X J V S D,$12.000,,Consultar vigencia,https://promos.clash.com.ar/supermercados/,clash,68.5,False
326896733cb1,Supermercados,Todos Los Bancos,MODO,35%,35% Tope: $15.000 por semana Pagando con Modo L M X J V S D,$15.000,,Consultar vigencia,https://promos.clash.com.ar/supermercados/,clash,68.5,False
9730ae42a35c,Carrefour,Todos Los Bancos,No Especificado,20%,20% de descuento,,,Ver condiciones,https://www.carrefour.com.ar/descuentos-bancarios,carrefour_oficial,68.0,False
0734147614e0,Carrefour,Todos Los Bancos,"American Express, Crédito, Débito, Mastercard, Visa",30%,"Todos los Miércoles de Septiembre Comprando en: 30% de Ahorro 30% de Ahorro con tarjeta de débito y en un pago con tarjeta de credito Visa, Mastercard y Amex Tope de devolución (POR MES Y POR CUENTA) $20.000 - Exclusivo para clientes con plan sueldo singular. Ver exclusiones en el legal Ver legal",$20.000,"Domingo, Martes, Miércoles",Ver condiciones,https://www.carrefour.com.ar/descuentos-bancarios,carrefour_oficial,68.0,False
469eb3874836,Carrefour,Todos Los Bancos,No Especificado,25%,25% De descuento,,,Ver condiciones,https://www.carrefour.com.ar/descuentos-bancarios,carrefour_oficial,68.0,False
569405248466,Supermercados,Todos Los Bancos,No Especificado,22%,22% DTO PROMEDIO,,,Consultar vigencia,https://promos.clash.com.ar/supermercados/,clash,68.0,False
8585007f9588,Supermercados,Todos Los Bancos,No Especificado,25%,25% Sin tope Aplica Exclusiones L M X J V S D,,,Consultar vigencia,https://promos.clash.com.ar/supermercados/,clash,68.0,False
0f2f7c6fc341,Makro,Banco Galicia,"Visa, Mastercard, American Express, Cabal, Naranja, MODO, Mercado Pago, Cuenta DNI, Débito, Crédito",25%,BANCARIAS Descubrí las mejores promociones bancarias día a día. Encontrá las ofertas que necesitas para ahorrar al máximo. TodasLunesMartesMiércolesJuevesViernesSábadoDomingo Martes y Jueves 25% DE,$20.000,"Lunes, Martes, Miércoles, Jueves, Viernes, Sábado, Domingo",Consultar condiciones,https://makro.com.ar/beneficios-bancarios/,makro_oficial,67.5,False
d8aa1fc6279f,Carrefour,Todos Los Bancos,"Crédito, Débito, Visa",35%,Programando la entrega de tu pedido para los días Miércoles de Septiembre Comprando en: 35% de descuento 35% de descuento en un pago con tarjeta de debito y crédito Visa del Banco Patagonia Tope de devolución: $25.000 Ver legal DESCUENTO EXCLUSIVO PARA CLIENTES CON PLAN SUELDO COMPRANDO LOS DÍAS,$25.000,"Domingo, Martes, Miércoles",Ver condiciones,https://www.carrefour.com.ar/descuentos-bancarios,carrefour_oficial,65.0,False
d0844a2b7a7c,Vea,Todos Los Bancos,No Especificado,20%,3 ALVEAR 20% Tope: $100.000  x cuenta x mes Plan Black Save,$100.000,,Consultar vigencia,https://promos.clash.com.ar/supermercados/,clash,60.5,False
2c51c6ed851b,Coto,Todos Los Bancos,No Especificado,20%,4 COTO 20% Tope: $100.000  x cuenta x mes Plan Black,$100.000,,Consultar vigencia,https://promos.clash.com.ar/supermercados/,clash,60.5,False
5ebd99123af5,Supermercados,Todos Los Bancos,No Especificado,20%,7 KILBEL 20% Tope: $100.000  x cuenta x mes Plan Black,$100.000,,Consultar vigencia,https://promos.clash.com.ar/supermercados/,clash,60.5,False
c2f5501e5242,Día,Todos Los Bancos,No Especificado,20%,9 DIARCO 20% Tope: $100.000  x cuenta x mes Plan Black,$100.000,,Consultar vigencia,https://promos.clash.com.ar/supermercados/,clash,60.5,False
24f1ed0aa998,Supermercados,Todos Los Bancos,MODO,25%,25% Tope: $30.000 en la 1ra transacción de cada semana Pagando con Modo L M X J V S D,$30.000,,Consultar vigencia,https://promos.clash.com.ar/supermercados/,clash,60.5,False
eb83455e1f99,Supermercados,Todos Los Bancos,MODO,20%,20% Tope: $15.000 por semana Pagando con Modo L M X J V S D,$15.000,,Consultar vigencia,https://promos.clash.com.ar/supermercados/,clash,60.5,False
cf5a0f6a1aa7,Carrefour,Todos Los Bancos,"American Express, Crédito, Débito, Mastercard, Visa",20%,"Ver legal PROMOCIÓN VÁLIDA LOS DÍAS MIERCOLES HASTA EL 30092026. PARA COMPRAS REALIZADAS CON TARJETA DE DÉBITO Y EN 1 PAGO CON TARJETAS DE CRÉDITO VISA EMITIDAS POR EL BANCO PATAGONIA QUE COBREN SUS HABERES EN LA ENTIDAD. VÁLIDO PARA HIPERMERCADOS CARREFOUR, CARREFOUR MARKET, CARREFOUR EXPRESS Y",$15.000,"Domingo, Martes, Miércoles",Ver condiciones,https://www.carrefour.com.ar/descuentos-bancarios,carrefour_oficial,60.0,False
34b3e5e42d3e,Jumbo,Todos Los Bancos,No Especificado,40%,Hasta 40% en Cervezas,$40,,Ver condiciones,https://www.jumbo.com.ar/descuentos-del-dia,jumbo_oficial,58.5,False
18a6b95462bd,Jumbo,Todos Los Bancos,No Especificado,30%,Hasta 30% Pilas y Lámparas,$30,,Ver condiciones,https://www.jumbo.com.ar/descuentos-del-dia,jumbo_oficial,58.5,False
02807d195323,Carrefour,Todos Los Bancos,"Mastercard, Mercado Pago, Crédito",20%,Comprando todos los Jueves de Septiembre Comprando en: 20% de descuento 20% de descuento en un pago con tarjeta de crédito de Carrefour Banco Tope de devolución $10.000 Ver legal DESCUENTO EXCLUSIVO ABONANDO CON TARJETA DE CRÉDITO MASTERCARD DE CARREFOUR BANCO. VÁLIDO TODOS LOS JUEVES DE SEPTIEMB,$10.000,"Martes, Jueves, Domingo",Ver condiciones,https://www.carrefour.com.ar/descuentos-bancarios,carrefour_oficial,57.0,False
818d1b314d0c,Carrefour,Todos Los Bancos,"Crédito, Débito, Visa",25%,Programando la entrega de tu pedido para los días Miércoles de Septiembre Comprando en: 25% De descuento 25% de descuento en un pago con tarjeta de debito y crédito Visa del Banco Patagonia Tope de devolución: $20.000 Ver legal DESCUENTO EXCLUSIVO PARA CLIENTES CON PLAN SUELDO COMPRANDO LOS DÍAS,$20.000,"Domingo, Martes, Miércoles",Ver condiciones,https://www.carrefour.com.ar/descuentos-bancarios,carrefour_oficial,57.0,False
94d89e25de0f,Carrefour,Todos Los Bancos,Crédito,20%,"Todos los Martes de Septiembre Comprando en: 20% de descuento 20% de descuento con Tarjeta de Crédito de Carrefour Banco. En el acto Sin Tope No incluye carnicería, huevos de gallina, ni electro. Ver legal SUJETO A CONDICIONES DE OTORGAMIENTO YO APROBACIÓN CREDITICIA. 20% DE DESCUENTO EXCLUSIV",$10.000,"Domingo, Martes, Miércoles",Ver condiciones,https://www.carrefour.com.ar/descuentos-bancarios,carrefour_oficial,53.0,False
d567f7432af7,Carrefour,Todos Los Bancos,Cuenta DNI,10%,"10% de descuento 10% de descuento en tu compra con Cuenta DNI Sin Tope. Y si sos jubilado, tenes 5% de descuento adicional. Mínimo de compra $15.000. Promoción acumulable. Si sos jubilado tope de $5.000. Ver exclusiones en el legal",$15.000,,Ver condiciones,https://www.carrefour.com.ar/descuentos-bancarios,carrefour_oficial,52.5,False
c63d83fe71b6,Carrefour,Banco Nación,No Especificado,10%,Martes a Domingo de Septiembre Comprando en: 10% de descuento 10% de descuento con Club LA NACION (Solo Entrega Inmediata) Sin Tope Ver legal DESCUENTO EXCLUSIVO PARA CLIENTES DE CLUB LA NACION. LAS PERSONAS QUE QUIERAN ACCEDER AL BENEFICIO DEBEN ESTAR REGISTRADAS AL PROGRAMA DE CLUB LA NACION,,"Domingo, Martes, Miércoles",Ver condiciones,https://www.carrefour.com.ar/descuentos-bancarios,carrefour_oficial,52.5,False
04761ed911af,Supermercados,Todos Los Bancos,No Especificado,15%,15% Tope: $15.000 x cuenta x mes L M X J V S D,$15.000,,Consultar vigencia,https://promos.clash.com.ar/supermercados/,clash,52.5,False
9a8ade71b5e5,Supermercados,Todos Los Bancos,No Especificado,10%,10% Tope: $10.000 x cuenta x mes Min. de compra $15.000 L M X J V S D,$10.000,,Consultar vigencia,https://promos.clash.com.ar/supermercados/,clash,52.5,False
a4371dbff93c,Carrefour,Todos Los Bancos,"American Express, Crédito, Débito, Mastercard, Visa",15%,"Todos los Miércoles de Septiembre Comprando en: 15% de Ahorro 15% de Ahorro con tarjeta de débito y en un pago con tarjeta de credito Visa, Mastercard y Amex. Tope de devolución (POR MES Y POR CUENTA) $10.000 - Exclusivo para clientes con plan sueldo. Ver exclusiones en el legal. Ver legal PROMOC",$10.000,"Domingo, Martes, Miércoles",Ver condiciones,https://www.carrefour.com.ar/descuentos-bancarios,carrefour_oficial,52.0,False
c89809a2fdf0,Carrefour,Todos Los Bancos,"Crédito, Mercado Pago",10%,"Todos los Viernes de Septiembre Comprando en: 10% de Ahorro 10% Ahorro en tu compra con Mercado Pago. Sin tope Exclusivo con dinero en cuenta VALIDO EXCLUSIVAMENTE PARA SUCURSALES FISICAS. PROMOCIÓN NO ACUMULABLE CON OTRAS PROMOCIONES YO FOLLETOS VIGENTES. NO INCLUYE CARNICERÍA, HUEVOS DE GALLIN",,"Miércoles, Viernes",Ver condiciones,https://www.carrefour.com.ar/descuentos-bancarios,carrefour_oficial,51.5,False
a9364c82895d,Carrefour,Todos Los Bancos,"Crédito, Mercado Pago",15%,Todos los lunes y martes de Septiembre Comprando en: 15% de descuento 15% de descuento. Exclusivo con Tarjeta de crédito Carrefour Banco En el acto y sin tope No incluye electro ni carnicería. No acumulable con otras promociones yó folletos vigentes. Ver legal BENEFICIO VÁLIDO EXCLUSIVAMENTE EN,$15.000,"Domingo, Jueves, Lunes, Martes, Miércoles",Ver condiciones,https://www.carrefour.com.ar/descuentos-bancarios,carrefour_oficial,51.5,False
697ac5b4905b,Jumbo,Todos Los Bancos,No Especificado,25%,"Hasta 25% y Hasta 18CSI en Heladera, Lavarropas y Más",$25,,Ver condiciones,https://www.jumbo.com.ar/descuentos-del-dia,jumbo_oficial,50.5,False
3eb6a27c2e50,Carrefour,Banco Santander,MODO,20%,"Miércoles 23 y 30 de Septiembre Comprando en: 20% de descuento 20% de descuento pagando con MODO desde la App Santander Tope de reintegro: $20.000 por mes. Mínimo de compra: $15.000. Ver legal PROMOCIÓN VÁLIDA EN ARGENTINA LOS DÍAS 23092026 Y 30092026 EN CARREFOUR HIPERMERCADOS, CARREFOUR MAR",$20.000,"Martes, Miércoles",Ver condiciones,https://www.carrefour.com.ar/descuentos-bancarios,carrefour_oficial,50.0,False
c63d83fe71b6,Carrefour,Todos Los Bancos,No Especificado,10%,Todos los Sábados y Domingos de Septiembre Comprando en: 10% de descuento 10% de descuento en tu compra con Cuenta Digital de Carrefour Banco. Acumulable con todas las promos Sin Tope. Ver exclusiones en el legal Ver legal DESCUENTO EXCLUSIVO ABONANDO CON CUENTA DIGITAL DE CARREFOUR BANCO. VÁLI,$35.000,"Domingo, Jueves, Lunes, Martes, Miércoles, Sábado",Ver condiciones,https://www.carrefour.com.ar/descuentos-bancarios,carrefour_oficial,49.5,False
5b35162a7884,Carrefour,Banco Nación,No Especificado,15%,"Lunes de Septiembre Comprando en: 15% de descuento 15% de descuento con Club La Nación. Sin Tope No incluye electro ni carnicería Ver legal PROMOCIÓN VÁLIDA TODOS LOS LUNES HASTA EL 30092026, PRESENTANDO DNI DEL TITULAR DE CLUB LA NACIÓN EN LÍNEA DE CAJAS. VÁLIDO EN TIENDAS HIPERMERCADOS CAR",$20.000,"Domingo, Jueves, Lunes, Martes, Miércoles",Ver condiciones,https://www.carrefour.com.ar/descuentos-bancarios,carrefour_oficial,49.5,False
879aa6d16e15,Carrefour,Banco Nación,"Crédito, Cuenta DNI, Débito, Mastercard, Mercado Pago, Visa",10%,"Todos los Miércoles de Septiembre Comprando en: 10% de descuento 10% de descuento en tu compra con Cuenta DNI Sin Tope. Y si sos jubilado, tenes 5% de descuento adicional. Mínimo de compra $15.000. Promoción acumulable. Si sos jubilado tope de $5.000. Ver exclusiones en el legal Ver legal PROMO",$15.000,"Martes, Miércoles",Ver condiciones,https://www.carrefour.com.ar/descuentos-bancarios,carrefour_oficial,49.0,False
55a41d87aac8,Día,Todos Los Bancos,No Especificado,Ver por díaVer por banco,Ver por díaVer por banco Lunes Martes Miércoles Jueves Viernes Sábado Domingo Todos Ver promociones: Todas Tiendas Online (App y Web) ONLINE Ver Legales ONLINE TIENDAS Ver Legales ONLINE TIENDAS Ver L,,"Lunes, Martes, Miércoles, Jueves, Viernes, Sábado, Domingo",Consultar vigencia,https://diaonline.supermercadosdia.com.ar/medios-de-pago-y-promociones,dia_oficial,48.0,False
002ffa887b3d,Día,Todos Los Bancos,No Especificado,5%,5% Sin tope Pagando con QR TODOS LOS DÍAS,,,Consultar vigencia,https://promos.clash.com.ar/supermercados/,clash,48.0,False
3dca9e850f94,Carrefour,Banco Santander,"Visa, Mastercard, American Express, Naranja, MODO, Mercado Pago, Cuenta DNI, Débito, Crédito",00%,"Comprando en: POR DÍA POR BANCOTARJETA CARREFOUR BANCO Lunes y Miércoles de Septiembre Comprando en: 6cuotas sin interés Hasta 6 Cuotas sin interés con Mercado Pago Pagando con cuotas sin tarjeta Ver legal BENEFICIO VÁLIDO EXCLUSIVAMENTE EN LA REPÚBLICA ARGENTINA, HASTA EL 30092026. EL BENEFI",$10.000,"Lunes, Martes, Miércoles, Jueves, Viernes, Sábado, Domingo",Ver condiciones,https://www.carrefour.com.ar/descuentos-bancarios,carrefour_oficial,47.5,False
5b35162a7884,Carrefour,Todos Los Bancos,No Especificado,15%,Viernes de Septiembre Comprando en: 15% de descuento 15% de descuento en tu compra con Cuenta Digital de Carrefour Banco. Acumulable con todas las promos Sin Tope. Ver exclusiones en el legal Ver legal DESCUENTO EXCLUSIVO ABONANDO CON CUENTA DIGITAL DE CARREFOUR BANCO. VÁLIDO TODOS LOS VIERNES,$20.000,"Jueves, Martes, Miércoles, Viernes",Ver condiciones,https://www.carrefour.com.ar/descuentos-bancarios,carrefour_oficial,45.0,False
63af2a2c08a5,Carrefour,Banco Provincia,"Visa, Mastercard, American Express, Naranja, Crédito",0%,"Todos los días de Septiembre Comprando en: 4cuotas sin interés 4 cuotas sin interés para toda la compra. Válido para tiendas de AMBA, Mendoza, Córdoba, Catamarca, San Luis y Resistencia Ver legal -BENEFICIO VÁLIDO TODOS LOS DÍAS HASTA EL 30092026 INCLUSIVE. VÁLIDO PARA TIENDAS HIPERMERCADO CARR",,Martes,Ver condiciones,https://www.carrefour.com.ar/descuentos-bancarios,carrefour_oficial,44.5,False
68cc6a2bf933,Jumbo,Todos Los Bancos,No Especificado,15%,"Black Cenco - ElectroHasta 15% y Hasta 12CSI en Tv Y CelularesHasta 25% y Hasta 18CSI en Heladera, Lavarropas y MásHasta 15% y Hasta 18CSI en Aire Acondicionado y Más",$15,,Ver condiciones,https://www.jumbo.com.ar/descuentos-del-dia,jumbo_oficial,42.5,False
04c22528e9a2,Carrefour,Todos Los Bancos,MODO,10%,Miércoles 23 y 30 de Septiembre Comprando en: 10% de descuento 10% de descuento pagando con MODO Acumulable con todas las promociones. Tope de reintegro: $10.000 por banco por mes. Mínimo de compra: $15.000. Ver legal PROMOCIÓN VÁLIDA EN ARGENTINA LOS DÍAS 23092026 Y 30092026 EN CARREFOUR HIP,$10.000,"Martes, Miércoles",Ver condiciones,https://www.carrefour.com.ar/descuentos-bancarios,carrefour_oficial,42.0,False
b0b116632449,Supermercados,Todos Los Bancos,No Especificado,5%,5% Tope: $5.000 por semana Solo Jubilados L M X J V S D,$5.000,,Consultar vigencia,https://promos.clash.com.ar/supermercados/,clash,35.5,False
cf730d0acfae,Supermercados,Todos Los Bancos,MODO,5%,5% Tope: $5.000 por semana Pagando con Modo L M X J V S D,$5.000,,Consultar vigencia,https://promos.clash.com.ar/supermercados/,clash,35.5,False
807b8a179929,Carrefour,Banco Nación,"Crédito, Débito, MODO, Mastercard, Visa",5%,"Lunes a Viernes de Septiembre Comprando en: 5% de Ahorro 5% de Ahorro, si sos jubilado o pensionado, en el acto con tarjetas de crédito visa y mastercard y tarjetas de débito mastercard. Exclusivo pagando con Modo. Acumulable con promociones vigentes. Tope semanal:$5000. No incluye electrodoméstic",$500,"Domingo, Lunes, Martes, Viernes",Ver condiciones,https://www.carrefour.com.ar/descuentos-bancarios,carrefour_oficial,30.0,False
04ff900b8465,Carrefour,Todos Los Bancos,"Crédito, Mercado Pago",00%,"Lunes y Miércoles de Septiembre Comprando en: 6cuotas sin interés Hasta 6 Cuotas sin interés con Mercado Pago Pagando con cuotas sin tarjeta Ver legal BENEFICIO VÁLIDO EXCLUSIVAMENTE EN LA REPÚBLICA ARGENTINA, HASTA EL 30092026. EL BENEFICIO CONSISTE 6 CUOTAS SIN INTERÉS PAGANDO CON LA OPCIÓN C",$6,"Domingo, Lunes, Martes, Miércoles, Sábado",Ver condiciones,https://www.carrefour.com.ar/descuentos-bancarios,carrefour_oficial,29.5,False
807b8a179929,Carrefour,Todos Los Bancos,"Crédito, Débito, MODO, Mastercard, Visa",5%,"5% de Ahorro 5% de Ahorro, si sos jubilado o pensionado, en el acto con tarjetas de crédito visa y mastercard y tarjetas de débito mastercard. Exclusivo pagando con Modo. Acumulable con promociones vigentes. Tope semanal:$5000. No incluye electrodomésticos, electrónica, telefonía celular carnicería",$500,Domingo,Ver condiciones,https://www.carrefour.com.ar/descuentos-bancarios,carrefour_oficial,27.0,False
